,"Угол нашивки, град",Шаг нашивки,Плотность нашивки
0,0,4,57
1,0,4,60
2,0,4,70
3,0,5,47
4,0,5,57
5,0,5,60
6,0,5,70
7,0,7,47
8,0,7,57
9,0,7,60
10,0,7,70
11,0,9,47
12,0,9,57
13,0,9,60
14,0,9,70
15,0,10,47
16,0,10,57
17,0,10,60
18,0,10,70
19,0,0,0
20,90,4,47
21,90,4,57
22,90,4,60
23,90,4,70
24,90,5,47
25,90,5,57
26,90,5,60
27,90,5,70
28,90,7,47
29,90,7,57
30,90,7,60
31,90,7,70
32,90,9,47
33,90,9,57
34,90,9,60
35,90,9,70
36,90,10,47
37,90,10,57
38,90,10,60
39,90,10,70
40,0,"7,85616654701846","64,3019638481212"
41,0,"7,40154256701157","19,2505331367488"
42,0,"6,6757803392663","78,6232993394774"
43,0,"7,5263983201197","38,176975316573"
44,0,"8,32569922025696","46,0454276299509"
45,0,"7,65621087508853","33,5710235584788"
46,0,"10,3029447225773","39,2342797929543"
47,0,"8,94689112067868","72,0845940916646"
48,0,"3,74662497721847","57,997772182102"
49,0,"9,09436367744417","44,8016005719315"
50,0,"6,30377284560279","72,1520187318852"
51,0,"7,2579618310852","50,2198355345044"
52,0,"6,54799294442016","74,2188766056854"
53,0,"6,1461253214983","70,3554043303719"
54,0,"10,0507182797683","74,1566656499943"
55,0,"9,91252624375488","71,1448160894335"
56,0,"5,64691439859512","75,9523106859402"
57,0,"6,25505768443793","32,878738287025"
58,0,"7,31043751586699","63,8613060666936"
59,0,"5,25689909291407","67,1830562483555"
60,0,"2,30265513315926","65,8076490390582"
61,0,"6,79367738419888","47,2949834576965"
62,0,"6,2811496770177","72,2928799487037"
63,0,"4,98508334944557","38,3073423208593"
64,0,"6,1913302964011","31,8041411567934"
65,0,"7,78271128777422","54,6338176227547"
66,0,"13,1990069942431","66,3630228720231"
67,0,"5,08285562607062","50,405847788056"
68,0,"10,6228863710581","47,5497714800792"
69,0,"4,79586231229187","37,4047624988696"
70,0,"5,18293533449742","79,5140703114715"
71,0,"7,42170414975365","58,2385036038102"
72,0,"4,5459247020502","63,3257037998115"
73,0,"5,08135736878662","62,4221341358259"
74,0,"8,48906022674753","23,8981957702763"
75,0,"4,56846260485789","52,6405746910021"
76,0,"9,24558543118187","40,6081026886021"
77,0,"11,6440483301461","34,9295717120059"
78,0,"6,84503635293727","49,7538584337575"
79,0,"7,98414562731789","51,0588681799301"
80,0,"4,51649933309847","45,9672825207508"
81,0,"5,76437702887089","73,3535262214056"
82,0,"2,08129430676411","58,9133232111871"
83,0,"8,72543685815608","67,0117081237353"
84,0,"6,58117283915919","29,9490724287558"
85,0,"4,76422910020487","70,4951579039806"
86,0,"6,30424974881033","58,4019728380879"
87,0,"5,59261340518086","84,8408875377012"
88,0,"9,02511978187264","55,9738630864365"
89,0,"10,1177506111313","71,594706298912"
90,0,"10,9917030810129","38,1153985581651"
91,0,"10,3302155269039","64,5699889936966"
92,0,"7,01662242248013","48,6676443864594"
93,0,"7,53435720569406","37,4951361340768"
94,0,"7,38816677357381","45,4597781589653"
95,0,"11,8917707306285","49,3616832089576"
96,0,"9,19645051770041","49,130186923699"
97,0,"9,45435021816427","38,7542098555298"
98,0,"1,45037472772178","54,9889347528826"
99,0,"4,40224759267304","48,9590839234744"
100,0,"4,51282549755834","46,7754687343913"
101,0,"7,20661462503703","41,3884372311032"
102,0,"9,5934645122199","35,8816026588052"
103,0,"9,31246293139468","71,4878269316948"
104,0,"0,239660317801428","69,1533524116421"
105,0,"7,86039703828512","72,1292287063465"
106,0,"7,36359935585531","69,1723368317854"
107,0,"10,3700408327645","76,1696573775192"
108,0,"6,70752255277215","49,2428305202786"
109,0,"9,9030895116672","45,3194298073486"
110,0,"3,70851518297216","78,3800055468162"
111,0,"6,58312309746804","50,0520985620961"
112,0,"4,37830659592764","84,1327782307252"
113,0,"9,45326906976745","52,3916690992692"
114,0,"14,0513828180002","74,4690023081356"
115,0,"6,58791393628453","34,407934234527"
116,0,"5,6805105686958","70,7447086273094"
117,0,"7,19053834780499","92,0421393826707"
118,0,"5,86770510487927","59,6204256098918"
119,0,"6,23231913614568","77,1403548902907"
120,0,"7,5677231136102","57,0613571768362"
121,0,"1,73474402022773","67,4873140368675"
122,0,"5,53703207263677","66,8485361234487"
123,0,"5,13632543022061","42,3230856221015"
124,0,"4,00362315710827","35,2813761797027"
125,0,"4,29585661766149","40,2377161847722"
126,0,"7,00724231596374","66,5469468564653"
127,0,"5,45457783299345","32,7762495845351"
128,0,"7,17472788121551","49,1606360993855"
129,0,"4,92960337110031","38,2857062993035"
130,0,"8,96487681667237","66,7197419980419"
131,0,"2,27175435300816","45,7138087580006"
132,0,"4,48783570598458","45,5600750112239"
133,0,"4,60733041916307","66,6687588343177"
134,0,"6,69783832008661","64,7980203031668"
135,0,"0,310815338065802","70,1572587589908"
136,0,"5,35631243008532","40,2344766415817"
137,0,"6,84699916950264","39,2705652757806"
138,0,"4,64595799788816","74,8989540869244"
139,0,"11,3753589895885","51,2369080070019"
140,0,"5,50684011681257","98,2026027528147"
141,0,"2,51178319771711","50,3030375613748"
142,0,"4,80608250942645","67,2432458658153"
143,0,"7,15088553540804","48,315935564454"
144,0,"10,1289361053654","50,2600971877458"
145,0,"8,42541123898241","40,7336474811037"
146,0,"11,5026462064631","54,5908676337653"
147,0,"3,19421502194393","70,182557109299"
148,0,"4,57089231125669","78,5473580404118"
149,0,"4,03646417966573","60,3296802257816"
150,0,"6,57460597315956","35,0798651563832"
151,0,"7,42151930462171","60,0487783288203"
152,0,"7,55738704756393","58,7326721661223"
153,0,"2,27149646860691","60,8311741808215"
154,0,"5,16734860553562","47,2647613528896"
155,0,"8,48926776078581","57,8493992339372"
156,0,"12,045283804877","62,2056352193182"
157,0,"5,38572190013947","39,4889334141116"
158,0,"1,14775274866061","65,94476244773"
159,0,"6,78177129262326","43,3376523851467"
160,0,"0,390190695763201","51,5701393566389"
161,0,"5,51061907005638","67,6153114857268"
162,0,"5,90340826612879","72,5749217150872"
163,0,"4,2473905784927","28,757218897991"
164,0,"10,8732869754276","32,1954704982308"
165,0,"5,66513368783292","88,0724895050505"
166,0,"2,70982836860104","71,0266534611824"
167,0,"6,53544521861475","36,6820981262846"
168,0,"9,33836879326558","53,4565065069084"
169,0,"6,89397327080557","86,0124270098611"
170,0,"4,40973993286395","75,6278356147672"
171,0,"9,62568994054109","37,3506528068528"
172,0,"7,20814688985966","35,7688113521922"
173,0,"5,11747660643704","34,7815437244487"
174,0,"4,54869784048688","75,1154829407335"
175,0,"3,68653509303772","44,3694843296568"
176,0,"4,27108154478789","82,7236805318418"
177,0,"9,34943514259177","37,2881525202528"
178,0,"4,62656059783361","52,4175928433183"
179,0,"3,71701487088887","54,6055537477971"
180,0,"4,90448544354076","49,8985667856552"
181,0,"5,77350784476376","65,5225224046549"
182,0,"9,41865127970553","52,5116183794053"
183,0,"10,3216277867475","53,6044788418296"
184,0,"5,87135826109727","73,1810274559537"
185,0,"5,78316501838017","36,9110507430262"
186,0,"6,96869759357812","61,2898015181745"
187,0,"7,48231155851883","36,0058084993015"
188,0,"3,11214724787822","28,6616316278123"
189,0,"5,47748090338238","64,2141653509152"
190,0,"11,4711515577436","35,0051209324929"
191,0,"6,65341329223109","39,2345580491259"
192,0,"8,14741624959823","38,1519720553399"
193,0,"9,99295090667454","92,9634919477473"
194,0,"6,99922181766275","58,9856431742854"
195,0,"5,87119627818291","47,875244655886"
196,0,"4,21477439285413","55,7667272364291"
197,0,"1,49210662554395","42,2389415041878"
198,0,"9,50136307348564","57,5572830984859"
199,0,"7,00005889279216","56,7266771274671"
200,0,"11,1373445335983","37,4072791223082"
201,0,"11,8321915257137","71,8187845577488"
202,0,"6,35901018037052","57,695460925158"
203,0,"7,07875404206124","78,1791533623566"
204,0,"8,90533259286219","78,9940943334049"
205,0,"13,2462193161681","77,464111085587"
206,0,"8,11427630290557","49,0640656169103"
207,0,"9,13837855002237","52,3643544540728"
208,0,"3,90622454768719","50,7417253112965"
209,0,"9,47585218520717","80,4692605205225"
210,0,"7,52219594872167","61,5216581793142"
211,0,"12,2876658507528","73,044780973284"
212,0,"7,49980187212946","36,0392096353575"
213,0,"4,003851636274","59,7964460204707"
214,0,"8,3197778543044","56,790525342049"
215,0,"3,91071656429962","40,3556624127244"
216,0,"0,145034143027886","54,1387555740106"
217,0,"2,51164667678091","75,3482750285423"
218,0,"13,732404403383","64,5104647513552"
219,0,"6,37817779153922","46,0768937816108"
220,0,"7,96150305361752","63,6654782119236"
221,0,"5,07648314856092","70,9797156156835"
222,0,"10,7513826338418","74,0939974235979"
223,0,"6,85396301415879","45,4539850735403"
224,0,"5,80183338184451","73,5414090764161"
225,0,"4,22886225395882","33,9391240774172"
226,0,"5,17772783717953","47,3577015169692"
227,0,"6,6252092887139","43,3544253526977"
228,0,"7,08846392557658","83,1838359726863"
229,0,"8,92444965840098","72,9542936840756"
230,0,"6,85131597512712","45,1484000603226"
231,0,"7,58929244395676","43,9961698414144"
232,0,"1,97076439851024","67,0569955726275"
233,0,"12,0118701433514","20,5716333306441"
234,0,"8,11978429440673","56,5689311461667"
235,0,"6,38865587059804","76,6738244926292"
236,0,"9,23056850181962","55,8587852260079"
237,0,"7,18145826689057","30,8826947324945"
238,0,"4,16377867016656","62,9657041388334"
239,0,"6,97702623692905","69,0713014251358"
240,0,"6,42269110631939","62,6794196284184"
241,0,"5,60238458408834","74,4025799013031"
242,0,"4,13464031372281","47,4078524729647"
243,0,"8,28055928283828","46,080346756461"
244,0,"8,67399584073265","66,167001189293"
245,0,"8,77231632717466","72,4170645300368"
246,0,"3,64099129821248","65,3259115931839"
247,0,"8,56581217318028","85,9871737934485"
248,0,"6,91074461636823","43,9076879570936"
249,0,"2,43824321411518","53,9718992177332"
250,0,"7,19398471028675","54,6734859071869"
251,0,"9,39217661402213","46,0082935586421"
252,0,"7,11009898226865","60,1955627779308"
253,0,"1,69413674103014","69,2512420785638"
254,0,"7,43810475236303","47,6266115554651"
255,0,"6,38489033954904","61,4335585149291"
256,0,"8,83080683798339","55,3054170209087"
257,0,"5,72178184663385","71,1728626248191"
258,0,"7,18130775185912","50,3484424928007"
259,0,"3,02063040447181","56,9726673994466"
260,0,"2,97858934669457","59,8743282310524"
261,0,"6,30687875113523","28,2377463953996"
262,0,"4,40913914637783","53,8957824667146"
263,0,"10,1991975311829","60,6317011298399"
264,0,"2,8411285566328","76,3904488284368"
265,0,"9,29168615566737","29,7458490622059"
266,0,"13,6539870540166","65,15310460698"
267,0,"7,04354372752082","55,6620702695111"
268,0,"4,80399530042969","79,9319638359735"
269,0,"8,26304631374794","47,5605674480718"
270,0,"12,2785795371827","53,7149425980341"
271,0,"2,86772907393732","55,4803871584365"
272,0,"6,70278439168071","48,3306068197757"
273,0,"10,0469989608679","46,8425085477824"
274,0,"7,40716586375238","62,806230138892"
275,0,"2,09453179916761","61,3804563758443"
276,0,"10,2996564468984","78,4434948657669"
277,0,"6,21132782062073","69,9374997881136"
278,0,"0,939462473969968","78,4290828116426"
279,0,"2,78847634940977","11,7401256604075"
280,0,"9,05940531828375","31,6741887846833"
281,0,"5,57736283482202","56,8398849841741"
282,0,"5,30123201437681","51,2739888785012"
283,0,"4,8478031943555","56,6928592975093"
284,0,"4,18560462388421","31,218450016944"
285,0,"7,01618193548296","67,4489848034586"
286,0,"6,96828613697454","62,2277447330395"
287,0,"11,3610125448376","50,0316909049045"
288,0,"3,71113954142412","53,1120737797536"
289,0,"8,369185361282","36,7708876868343"
290,0,"4,76973280979378","61,964361798251"
291,0,"9,55608137085258","58,0990914151626"
292,0,"6,63021056385156","50,3639864960295"
293,0,"7,95615445438428","53,9241119110177"
294,0,"7,71573258799273","59,3365797109132"
295,0,"3,25429617483967","35,5142840616995"
296,0,"5,18900378118542","67,4528703359548"
297,0,"2,51170408804781","56,2709495523932"
298,0,"4,65026200681388","63,9566920607251"
299,0,"3,17525924679739","39,6590336331344"
300,0,"8,7191209997674","43,3061782428275"
301,0,"7,58144839104749","54,7354283175484"
302,0,"12,7238863079499","68,6471530628411"
303,0,"4,96203606275052","55,2607019884357"
304,0,"2,98110577797424","49,5164391115865"
305,0,"7,62495704141713","54,8385849402011"
306,0,"8,039612507485","52,2307460322891"
307,0,"11,8215655139881","58,8245210004177"
308,0,"9,67462864244005","60,1630694249623"
309,0,"9,39739604102103","25,6828562877684"
310,0,"7,50182052593073","71,5700279320292"
311,0,"7,77521254828573","61,4207170392558"
312,0,"6,43751364824628","43,6160475631262"
313,0,"7,4010515402186","66,9185834766845"
314,0,"6,52637053968834","42,2535954116322"
315,0,"7,65318112649221","41,0029629598629"
316,0,"8,56005495683195","58,2717053359235"
317,0,"8,18253089976763","53,264181004225"
318,0,"1,26231024085104","46,2537409825976"
319,0,"5,36413871409506","54,5814418343493"
320,0,"5,99118763414573","48,6359689714902"
321,0,"6,18386311038271","35,8160737286857"
322,0,"5,113466277439","67,0636603422688"
323,0,"7,03465725367721","69,3557194765681"
324,0,"9,51173727272251","58,1963013757212"
325,0,"7,06469220488679","70,0927279531398"
326,0,"3,30415654551836","47,4878129180923"
327,0,"6,72053388563432","62,0125892533378"
328,0,"6,33732194631007","59,2296879213526"
329,0,"3,11194483272504","45,0970841976533"
330,0,"5,04180934819962","63,7948374173645"
331,0,"5,98335712594575","57,6279058128892"
332,0,"11,705105943884","32,1476573947968"
333,0,"6,48484901102156","39,3342619423881"
334,0,"7,74883645272893","57,9197600595231"
335,0,"6,48467772825093","62,220947036222"
336,0,"10,1876723264122","57,6153269438305"
337,0,"9,09610093718406","55,1583397361216"
338,0,"9,39024306636135","40,2509773477677"
339,0,"11,5650450757625","69,5168324889084"
340,0,"6,65585825984023","62,3957475498194"
341,0,"5,05760889137234","36,0772962867338"
342,0,"6,03252920224615","66,0664884169345"
343,0,"2,89697319666308","65,0996179284066"
344,0,"8,35757566640255","66,3571197009495"
345,0,"2,23727074113836","50,399850242317"
346,0,"10,0680410436868","39,1408890194315"
347,0,"4,89433493927083","42,2204039212825"
348,0,"5,52396939235516","23,1434005604181"
349,0,"1,56561345806319","40,4719108616351"
350,0,"8,60641124059261","39,452706232628"
351,0,"8,09913597209013","34,6584329384884"
352,0,"5,98236310920667","57,5329564826599"
353,0,"10,2386533388542","77,2777281396634"
354,0,"8,56954020888102","51,2403468051511"
355,0,"6,86412115091539","72,0170904450973"
356,0,"7,13008028180544","67,5663179432475"
357,0,"7,3580268274114","49,3607654839732"
358,0,"7,37652041304568","64,4622078818391"
359,0,"10,7959972439963","70,7688162513754"
360,0,"9,71802281305989","52,6981069667041"
361,0,"5,93956009306736","78,8477709062388"
362,0,"2,18377334040551","56,1397464611885"
363,0,"5,1400352940647","39,0408897085659"
364,0,"7,15974731901224","65,9512878424036"
365,0,"2,2156519282891","60,9219294958915"
366,0,"7,4650669344695","41,2464520255753"
367,0,"6,11731210798642","45,5418348046493"
368,0,"6,51132887952527","54,0687515678652"
369,0,"8,66455207426667","27,0193744351911"
370,0,"8,77901920587187","43,709841597575"
371,0,"2,78607144375734","70,9227155625981"
372,0,"10,402628600686","70,1698458200975"
373,0,"6,8185468163481","63,078186210612"
374,0,"5,90793210293883","55,9484552488488"
375,0,"6,77688842548324","49,6973106741543"
376,0,"7,25991062634658","53,4155992660379"
377,0,"9,69915557495132","79,8080906230498"
378,0,"7,31716826144886","33,3262786735108"
379,0,"5,15447105404966","77,3555895329181"
380,0,"8,46567245958355","50,6364386272944"
381,0,"8,779742169881","64,0565613093155"
382,0,"4,44665519481056","53,0492634148052"
383,0,"10,545705632378","26,6471544890232"
384,0,"4,99473022512686","54,3342271309164"
385,0,"9,32799679668364","82,9561574809238"
386,0,"9,16070548250012","84,3107653834605"
387,0,"6,65089092526617","62,726164484967"
388,0,"7,30377553749766","52,9222581635899"
389,0,"3,44905714911798","27,2729280063294"
390,0,"7,58315260345345","65,1798735265123"
391,0,"3,98685883460154","57,3419198469929"
392,0,"14,4405218753969","47,7133620281268"
393,0,"9,54209021815372","36,570016092445"
394,0,"5,31201837966308","73,2939254679043"
395,0,"7,79875230891119","37,1917725994019"
396,0,"5,47184301048929","59,0288637431167"
397,0,"3,42554681102366","39,6537892557428"
398,0,"6,7486801356699","57,1639397458809"
399,0,"4,53857058395203","63,5616451235943"
400,0,"11,8541259171825","61,2388621249552"
401,0,"8,35636866138746","64,5225945367207"
402,0,"8,7498522169719","47,1763453691266"
403,0,"6,54238004437517","46,2378863483155"
404,0,"3,57040982104632","64,0409646419292"
405,0,"7,70798491307168","55,6190320901315"
406,0,"6,90456186270845","58,5232469512333"
407,0,"12,6348439506841","37,5473728604751"
408,0,"5,07870831702521","82,7502714760168"
409,0,"9,42422520370247","78,4941526166011"
410,0,"10,8729401578873","76,9455805453256"
411,0,"4,99665393210956","54,5137155368801"
412,0,"9,58282242629654","55,278331478677"
413,0,"3,70943241724354","49,6032293930518"
414,0,"6,37079777894316","52,4223625378535"
415,0,"5,19765003474665","61,43612220892"
416,0,"5,31533821657741","56,0041412503049"
417,0,"3,68217085363983","82,01101404465"
418,0,"7,82335240831164","60,371372018028"
419,0,"13,378772113231","50,9341821139094"
420,0,"9,78554838961656","56,0945950525359"
421,0,"8,70963756439571","66,634539607183"
422,0,"4,72037353736259","43,7958793701791"
423,0,"8,75787743084323","54,0764322341182"
424,0,"3,09051450969079","52,2612402121109"
425,0,"5,13097529220375","35,4394532616879"
426,0,"6,10503457750648","27,891888320878"
427,0,"7,38351634139022","69,4370477176364"
428,0,"6,93664894772939","66,3391348519044"
429,0,"8,5343412139738","70,8167857956308"
430,0,"8,66327507194488","37,932960995778"
431,0,"3,9300567366858","43,0823726124662"
432,0,"3,6318159824065","43,8308979660161"
433,0,"6,25100498907617","60,43223442106"
434,0,"10,1107223466598","80,9181466483254"
435,0,"6,28629261592903","50,7092331417058"
436,0,"9,65260658567425","62,1245628888433"
437,0,"7,06882206039927","83,9572493713496"
438,0,"8,67486752205024","15,4160755126792"
439,0,"6,7661874140517","46,9743363414217"
440,0,"5,4805325977952","54,7805395228312"
441,0,"1,25454575282332","63,1041273608927"
442,0,"4,59600097798823","68,4641171259957"
443,0,"7,61541623968522","43,8351626133132"
444,0,"3,71788447348824","48,9553854235276"
445,0,"4,29752639164917","72,555723071854"
446,0,"14,0332153037961","52,0042786212048"
447,0,"7,5391726097469","52,2468842156823"
448,0,"5,47554770978055","62,185718551877"
449,0,"7,81814058940888","85,6609961909375"
450,0,"7,55229894647638","62,0416571968394"
451,0,"1,41718422752851","62,8459960250379"
452,0,"5,96140792663036","57,3832325120216"
453,0,"12,4521691319934","44,4716124019038"
454,0,"9,3376547427325","48,0154646967015"
455,0,"3,40256327991225","63,4358940291816"
456,0,"2,06870738632617","39,0989843626068"
457,0,"12,5017200038005","79,8564598134299"
458,0,"9,61957675246601","65,1521543630558"
459,0,"9,54456928389294","77,5074235899329"
460,0,"9,47598628941466","80,8101069586927"
461,0,"7,19341187267864","17,9344081943835"
462,0,"4,11236649866891","69,0247340318896"
463,0,"6,70806162112698","41,9844680738332"
464,0,"4,44749848783655","103,988901301494"
465,0,"5,89705731347941","88,8076471500205"
466,0,"5,98835682343351","24,8605113249583"
467,0,"2,80067656426415","74,7829303576631"
468,0,"8,58612214880265","79,7372500838042"
469,0,"8,60921304072562","43,8145523801962"
470,0,"7,39120458228387","51,7091255418491"
471,0,"10,0814892147959","45,1679945059122"
472,0,"9,93827967049704","46,0147226389996"
473,0,"7,23667042767538","80,0293493042066"
474,0,"10,7820630556789","43,9069635194241"
475,0,"5,96544473573666","53,5969216757399"
476,0,"2,70957704379724","32,7658549200085"
477,0,"1,5980442982068","55,4945423785201"
478,0,"13,5719207023593","60,7563006386356"
479,0,"5,53676242927041","69,81922958875"
480,0,"7,92784550806077","37,3274352578281"
481,0,"6,60487482359023","24,283522951107"
482,0,"6,25652261876325","70,0390328937368"
483,0,"5,53692429322366","66,0562430444432"
484,0,"5,72282921996602","63,1837161991807"
485,0,"10,1001776971119","41,4064159263587"
486,0,"6,50518200078861","59,3041582727879"
487,0,"10,4661311047485","82,5254927947366"
488,0,"6,51656922492881","37,7628969354659"
489,0,"5,03008457039816","47,4308949452294"
490,0,"8,00306748909165","50,3615430690826"
491,0,"8,13133918843424","44,3975470025729"
492,0,"7,64989686186023","33,8460741979919"
493,0,"0,571834871940708","36,6288778029654"
494,0,"6,06335857173983","80,7430048042015"
495,0,"8,71704360896131","69,8000678944861"
496,0,"6,63957687833506","26,5598943659292"
497,0,"0,730259869512398","84,01524672022"
498,0,"11,6961598332095","64,4091601241695"
499,0,"1,62669025608889","51,8296340632472"
500,0,"8,14547577305539","73,2730821554479"
501,0,"6,53572810808329","56,7609859198698"
502,0,"8,64843080124783","41,0917492201868"
503,0,"8,81503959997385","52,1342102931795"
504,0,"5,26714259581159","37,9508516553562"
505,0,"1,28005723493344","50,3234631944358"
506,0,"3,20670531376197","62,6680601339812"
507,0,"10,9046255195032","46,755740555489"
508,0,"2,86046601658534","89,8766155103646"
509,0,"12,6789272796874","51,0793335218397"
510,0,"5,22655243241618","57,2554962912113"
511,0,"7,14886753094555","57,6763377519706"
512,0,"8,72903701975926","28,9715301823421"
513,0,"12,1787950272978","45,7598999582884"
514,0,"10,5119410050207","53,2364862890984"
515,0,"10,2468500433227","65,4428940493361"
516,0,"8,75356166735491","50,0990228017432"
517,0,"7,26003012049845","57,0946413146331"
518,0,"5,3648356802237","72,4008507447265"
519,0,"3,51554212371561","28,3824774111668"
520,0,"4,59061814588017","50,3285626262176"
521,0,"5,85158640165665","84,6691107761305"
522,0,"12,4328766055043","63,2297792529609"
523,0,"5,54543866688101","54,6042507055812"
524,0,"4,90788685356196","48,0357478583773"
525,0,"5,33321397917859","44,1806496076059"
526,0,"8,91567874186398","53,4765154039898"
527,0,"6,07747904533502","49,4561802647794"
528,0,"6,70332396205758","54,5881621809482"
529,0,"14,3764512763632","46,4525975720929"
530,0,"5,28837134281646","33,8506092046022"
531,0,"3,03458242751197","31,7968430190505"
532,0,"8,10298863153903","62,6977177775383"
533,0,"12,3544757104813","55,6170457545433"
534,0,"7,2544645375191","60,0941534164524"
535,0,"4,78679446998052","53,2485290746603"
536,0,"3,48053780676838","74,8856664463349"
537,0,"5,72955520963952","64,4474762464711"
538,0,"10,7404923168958","49,1588382496853"
539,0,"6,06647402024934","56,7980746960257"
540,90,"6,80636570246087","57,2863442298907"
541,90,"8,01556075619059","70,0357671598553"
542,90,"5,94653453757279","56,2281839362291"
543,90,"7,38302772558226","64,181047108892"
544,90,"8,47925868893439","65,2642438276113"
545,90,"7,34881398517319","77,6448802995377"
546,90,"6,02451955176776","49,6312227230499"
547,90,"11,4243904418049","44,2920023594207"
548,90,"9,37906379262852","49,5407306581685"
549,90,"7,17461970871794","58,4009983884979"
550,90,"6,43265707592018","55,3836537338679"
551,90,"6,38440709691876","43,8236068142242"
552,90,"7,8632361533103","53,5512816719204"
553,90,"8,30723526963149","62,2023085103011"
554,90,"7,62836853727327","64,1964594550142"
555,90,"4,24421127790849","66,6684996247995"
556,90,"6,70087314357801","51,9515577383834"
557,90,"6,43519661412045","55,7704755407104"
558,90,"8,58646329191554","55,0638360344531"
559,90,"5,7093216225793","50,55621574896"
560,90,"4,84029252812198","72,5318433070112"
561,90,"11,0518485251979","63,7098164318286"
562,90,"5,79034079631612","56,1584374351479"
563,90,"11,3127243322909","66,0865948029451"
564,90,"4,83055453283014","57,2050127270062"
565,90,"6,22433439667987","47,3851493085778"
566,90,"7,46824321838607","64,8549359762115"
567,90,"7,22297449870544","74,685180258194"
568,90,"7,4542819614279","54,9316195399606"
569,90,"5,93593363991284","62,3263053667451"
570,90,"8,61305447457073","62,1273309729657"
571,90,"3,92992470728364","51,7838679497617"
572,90,"6,9282471560355","55,0513689912721"
573,90,"4,35870176410975","54,8102466154065"
574,90,"8,12080060524018","63,980008028175"
575,90,"10,8575477302791","73,8916698360135"
576,90,"7,2537870531823","54,7148136991583"
577,90,"5,1557586659119","63,9941439318553"
578,90,"9,55946285832355","70,8518435970582"
579,90,"5,00506706830069","70,6648784002311"
580,90,"8,78752879898014","49,8445658912493"
581,90,"9,44352706964048","56,0456182086488"
582,90,"9,31528729810398","57,9605911380841"
583,90,"3,70337482605909","54,0926730137058"
584,90,"0,268755557562593","75,3409289558243"
585,90,"7,93336782547122","46,9443605108536"
586,90,"4,53247001890544","68,3370552540245"
587,90,"9,75237955862539","59,8883824291137"
588,90,"6,04781300870515","50,6541815578397"
589,90,"7,80914751093026","63,1379074653403"
590,90,"7,76505121845763","60,9858937134418"
591,90,"6,98263705879411","61,338391713273"
592,90,"8,10038733420957","54,8435213147778"
593,90,"4,51995376315667","63,8388855044182"
594,90,"6,00167328549408","42,3183181231189"
595,90,"7,67816015631582","58,6921887283224"
596,90,"6,08532569551974","58,9734211415143"
597,90,"8,23702970975476","46,5764604673213"
598,90,"6,75556110706471","42,8675115741263"
599,90,"3,4418638811127","62,1238832815754"
600,90,"5,91335139334947","68,5773174563224"
601,90,"8,3823159092464","53,3283193033295"
602,90,"1,70074775969651","72,2097389185564"
603,90,"5,37928175168371","63,4886041825721"
604,90,"10,264664233486","73,738349768222"
605,90,"8,13964493492845","56,3263762540976"
606,90,"4,0760530086027","57,4999880871272"
607,90,"5,80201561781972","69,435662647672"
608,90,"10,1545905062961","63,1951560402044"
609,90,"11,649870840602","62,1097436919659"
610,90,"6,02700621801196","76,3814507439509"
611,90,"5,86035719398894","61,8909517812397"
612,90,"6,37401990751989","56,3321026563849"
613,90,"5,54922094880682","52,7143742188862"
614,90,"7,20836632614701","68,740522721813"
615,90,"8,06274601071718","69,0342422879661"
616,90,"4,3979853681324","57,2073778308756"
617,90,"10,375472755804","45,8368259806962"
618,90,"8,77620986425728","58,4507187539056"
619,90,"7,62025547291035","47,0662066643826"
620,90,"6,12192751643153","59,8153394821112"
621,90,"10,4211837512579","62,674085651369"
622,90,"2,46981103748895","63,9427633810375"
623,90,"6,8293039821689","58,1651959230437"
624,90,"4,7893670491265","51,7339873265043"
625,90,"7,31807883839368","48,0904776897608"
626,90,"7,95561366841929","75,9185655573608"
627,90,"10,3706076775882","62,7356783941924"
628,90,"5,30103977407029","55,0638575865023"
629,90,"6,8920187971196","55,5212480280605"
630,90,"7,25804813449666","52,5161052429774"
631,90,"10,2050810237798","72,906770334215"
632,90,"3,98352026156915","46,4274627853205"
633,90,"4,26440262307945","51,2194109528471"
634,90,"4,89755510697908","59,7291492947732"
635,90,"8,23081067388884","46,3673723427556"
636,90,"7,07313399156919","52,3995757565888"
637,90,"6,29392161151098","58,8297475014026"
638,90,"11,4204399486668","52,6042642498265"
639,90,"8,94899543815317","61,5439493626017"
640,90,"4,94525490270938","51,9452789422698"
641,90,"8,24437041585062","49,244695196556"
642,90,"5,87618343179964","40,1809109264255"
643,90,"9,57879325816208","71,2345402484109"
644,90,"7,94078438863083","61,5113815287686"
645,90,"3,85141994264866","53,5827614707469"
646,90,"8,79086312740002","70,6452002079192"
647,90,"6,12755452635683","54,4347517359274"
648,90,"7,69483295522278","56,3647486097256"
649,90,"4,48624110273347","52,2357718828669"
650,90,"2,71304499833046","56,2796667049783"
651,90,"4,41073654157189","54,0463745228232"
652,90,"7,92160053149166","63,9641807630242"
653,90,"8,98413042911284","62,2847422050061"
654,90,"3,63698330250497","61,3229796953387"
655,90,"13,3748547768973","71,3320882011945"
656,90,"7,94555490742363","61,7984028878745"
657,90,"12,9536371834836","55,9668345528549"
658,90,"4,90756906905235","62,7355541028665"
659,90,"10,9456139522821","66,7229984410698"
660,90,"7,62781506702802","64,0563572359034"
661,90,"4,60371591090685","66,3770475185924"
662,90,"6,42792464626402","50,7130515550808"
663,90,"3,06774808451591","56,4240920862104"
664,90,"7,19065011209914","47,9849432518634"
665,90,"6,16534754458454","50,8236748784086"
666,90,"4,39421776321785","48,1266472312202"
667,90,"4,86389564179783","66,9023450246424"
668,90,"8,98571845304823","53,9277010119355"
669,90,"4,94714013076868","58,2843234616211"
670,90,"9,51365878617961","50,2093790127116"
671,90,"4,30410159658056","47,3157828377616"
672,90,"9,05756743755876","68,2531988461838"
673,90,"8,16030622745708","58,0390176324453"
674,90,"0,305722603083825","73,3898378107726"
675,90,"5,36696034178488","58,3552182333357"
676,90,"6,27284457394808","47,3224372105041"
677,90,"10,9886216283426","43,848511703619"
678,90,"4,09098448253598","60,5778822152103"
679,90,"4,51259924037246","62,4750831565782"
680,90,"7,44666746674708","69,6525852780724"
681,90,"5,98456502763988","64,1813308038655"
682,90,"5,2049781474949","50,5725481016117"
683,90,"7,06878134475064","64,5528285133362"
684,90,"4,44679508599381","56,2607003250068"
685,90,"11,6554628279876","55,0172328562402"
686,90,"8,50788984149413","66,4874212816436"
687,90,"5,93126122096346","51,4338735192321"
688,90,"10,5968653499533","72,3713834977494"
689,90,"8,26247240496634","47,813665356289"
690,90,"6,93053823619134","47,9892491046354"
691,90,"6,26006719859049","50,7350524560755"
692,90,"8,50345329914609","64,5977858487095"
693,90,"4,20179067231228","62,5120643123063"
694,90,"3,39276504769249","60,137834334429"
695,90,"3,65653006629562","49,9947978796529"
696,90,"7,57536199123197","63,4820758460212"
697,90,"7,61587354148539","64,6192384036872"
698,90,"10,8532421364426","54,1938980120752"
699,90,"7,51872113603307","72,813177462115"
700,90,"8,10134276583542","65,497143745848"
701,90,"9,12788189373267","54,4959935738553"
702,90,"4,39525384845554","47,0428643865865"
703,90,"4,06318304078484","61,7645545497132"
704,90,"4,68538988631442","58,6084909418927"
705,90,"6,63290218991181","55,3516361501663"
706,90,"8,02907382619267","59,2986844016743"
707,90,"9,25267198766057","57,8818178484737"
708,90,"5,95935925446062","49,2591287329983"
709,90,"10,883420902419","67,2314045787502"
710,90,"9,84516813523911","57,4439547842589"
711,90,"7,73243637443001","57,8704708473239"
712,90,"7,78506379785692","59,8365546380718"
713,90,"3,26897532345737","67,0388235935971"
714,90,"6,7094067498661","52,366516217459"
715,90,"10,1987031022245","63,7424008309699"
716,90,"9,28202351128364","45,4650409505766"
717,90,"5,86684999032742","56,2089262020315"
718,90,"4,84566098961259","50,9529150759895"
719,90,"11,9461374628919","61,4858472216703"
720,90,"9,1841967910042","65,7895468768068"
721,90,"7,76898617033858","67,0453084869658"
722,90,"10,5949808710294","64,5094467541185"
723,90,"12,4029378273199","64,5785517195739"
724,90,"6,08696540491524","80,0316194978143"
725,90,"3,33776276124025","50,5477959375185"
726,90,"6,12518488947029","61,4612037682562"
727,90,"7,06529510940438","51,1437657649381"
728,90,"9,94000282508296","68,968150111218"
729,90,"8,0321851193802","55,6316529013791"
730,90,"6,80127328258139","62,2699097426505"
731,90,"5,22620704197624","51,9154436616856"
732,90,"6,9161438559491","41,5538197959191"
733,90,"8,88455410213644","56,0155940073066"
734,90,"8,68234362322687","56,7916917449753"
735,90,"4,38596434650934","59,48508288163"
736,90,"4,49870387687255","67,7046625310749"
737,90,"4,4969647950989","57,5366114529808"
738,90,"8,22521988590794","60,4094195162836"
739,90,"4,50898792644977","52,1158768158855"
740,90,"6,78590254988474","67,3265385187783"
741,90,"5,16715343155913","49,1968006338502"
742,90,"8,06726771618235","54,2966000163859"
743,90,"5,79858667035299","62,9349568036608"
744,90,"7,55053766880066","55,8504288865234"
745,90,"4,02566255455432","54,8375481658634"
746,90,"4,05461172947284","65,5773174969943"
747,90,"10,2856116292471","61,6629030936496"
748,90,"3,49306880581506","65,7163080608694"
749,90,"6,0228847809473","53,5923341013385"
750,90,"7,08395470158782","52,8438712603446"
751,90,"8,28542479289686","60,0298167013592"
752,90,"10,5191216988139","53,8039581409343"
753,90,"5,26352248518958","63,3777788641175"
754,90,"4,84649076113335","64,4813311873182"
755,90,"7,21309909990843","50,3532963775404"
756,90,"7,13970195900345","48,3468391050559"
757,90,"3,16341850734658","49,4682920808852"
758,90,"8,1135694964164","72,7848837742456"
759,90,"5,37633207671918","52,9773556965093"
760,90,"13,3710388506069","49,177519263809"
761,90,"7,4093989610561","55,4029469129351"
762,90,"3,45599147384432","62,7891736750716"
763,90,"8,22345355544331","56,8317273102141"
764,90,"10,3878698164387","68,4673062858489"
765,90,"8,55312502297265","58,7217404571378"
766,90,"4,9660527969678","61,4112456362627"
767,90,"3,98006783184224","43,1074897315025"
768,90,"8,30144001066107","43,7074024421159"
769,90,"7,88954770562452","57,6032620661492"
770,90,"5,10872304452265","55,2268731958511"
771,90,"8,31619189143819","64,1948866362518"
772,90,"8,29287837522209","62,2314883795477"
773,90,"4,35833912189074","69,8872143683577"
774,90,"3,75658609703948","61,1005324807364"
775,90,"9,91746753489678","53,1970717502875"
776,90,"7,68706803330319","61,4119123810913"
777,90,"8,55055974865526","59,1675518215067"
778,90,"6,62577945697068","59,5221863789873"
779,90,"5,50320923620544","59,222918977618"
780,90,"3,88166985541232","70,9038994483201"
781,90,"4,81646935789783","66,4425751209877"
782,90,"9,7101650373805","63,467185715897"
783,90,"2,638171913501","53,7655675176537"
784,90,"4,33144291031663","71,6733966094071"
785,90,"6,55516991550101","60,3223649022127"
786,90,"7,23154214925612","66,9344010987036"
787,90,"4,69899648635012","70,9305916886791"
788,90,"8,28395441020827","62,9794705353969"
789,90,"6,72634740387208","43,5333210811236"
790,90,"7,64644566160309","55,1369086497331"
791,90,"5,25632627883261","46,9660451110014"
792,90,"6,63392401993311","58,9149951713269"
793,90,"5,9344719226808","49,5803826674603"
794,90,"4,39725385721493","42,6735349744305"
795,90,"11,0789219960315","60,5326183680543"
796,90,"10,0269887314202","62,6121212719256"
797,90,"2,04277179329127","64,5174574283091"
798,90,"4,18484189971471","50,1086449349256"
799,90,"6,73185692122529","74,1093372864917"
800,90,"6,4122910798089","60,8785253570798"
801,90,"9,93410569831803","48,0572058859784"
802,90,"7,27544902069999","65,2601397300714"
803,90,"7,62892325046654","52,4882653149483"
804,90,"7,18418358631983","67,0526278753125"
805,90,"7,01000948751548","66,16522928216"
806,90,"7,85905581924396","64,3582457020431"
807,90,"3,65575705064359","41,3093512955103"
808,90,"13,4849451024425","51,3056209036489"
809,90,"7,89333515816582","55,0383570111608"
810,90,"6,23671458912071","50,0312610610058"
811,90,"6,43189056674707","53,8061193705826"
812,90,"6,999142368955","59,7398334631505"
813,90,"6,51122784161756","68,6644984395131"
814,90,"9,3140640687464","50,8502833746329"
815,90,"5,03044855725871","66,5866692524633"
816,90,"5,06993100928461","50,5778302491585"
817,90,"9,12944761999377","58,6051822018061"
818,90,"7,40803645835927","54,0439495505874"
819,90,"2,41954869959128","55,3264063378039"
820,90,"11,0463666453472","68,1124387659919"
821,90,"8,05656452161826","56,3994033625073"
822,90,"2,59242635651019","39,3389767010898"
823,90,"5,41686467068028","45,7084802127863"
824,90,"9,03087244074405","52,9623114478102"
825,90,"7,76367437977347","48,8656210033252"
826,90,"4,5121330149803","70,8973694781022"
827,90,"7,93647356918919","59,6947382788658"
828,90,"7,61043133232177","51,6903741603322"
829,90,"5,42433835793318","55,6082384136922"
830,90,"7,96119278420178","66,7597271808461"
831,90,"10,0671231646161","56,0378864744362"
832,90,"3,98647876690886","66,0399152178022"
833,90,"5,95011780858882","67,2750230865973"
834,90,"5,43113465739575","63,4927958744013"
835,90,"11,7044040571553","53,7441926771215"
836,90,"9,34277322195721","72,2452420551736"
837,90,"3,71539074304265","55,7476087169067"
838,90,"10,3873810802504","52,7616788817242"
839,90,"5,73174848507734","58,8721005700612"
840,90,"6,75593498890675","58,5602707118874"
841,90,"11,0620697546059","59,7890962440317"
842,90,"8,58479975553866","43,918628522995"
843,90,"8,70271482534788","61,5605206911401"
844,90,"3,61577926993478","48,5859360355642"
845,90,"3,19854591469496","53,7589408889234"
846,90,"12,1243106348491","49,725199267657"
847,90,"12,6564753039624","59,4743308398162"
848,90,"7,77383926330114","65,7506795819339"
849,90,"9,785760648969","60,9205232395858"
850,90,"6,44696693271088","56,8228697281092"
851,90,"4,43400554151569","52,9847318290191"
852,90,"6,0744202245476","48,8180818200647"
853,90,"9,08308708418495","51,9116812330188"
854,90,"5,8716793791053","56,8913118995629"
855,90,"7,36197684761144","64,3119391810011"
856,90,"9,00606576050163","65,7327091730258"
857,90,"9,57082373665043","64,6220015067002"
858,90,"4,69244084446326","50,8585415124605"
859,90,"8,61377601926837","49,6369520531539"
860,90,"7,85683007255083","60,1998355340752"
861,90,"4,99414321868215","60,9035305674703"
862,90,"3,44395623276087","74,8278727108484"
863,90,"10,5459740677091","52,5051973402258"
864,90,"9,07407166349872","41,2293275885694"
865,90,"7,34365125486589","61,0016569216573"
866,90,"8,09429249220233","64,7987833323335"
867,90,"8,88834293864883","51,8119052802811"
868,90,"9,67007699776454","54,8239893136809"
869,90,"6,7848420075787","66,5395784360701"
870,90,"4,88483723267214","57,5651879053945"
871,90,"1,76332383656565","72,8250022841435"
872,90,"6,98343641600619","54,9041216673739"
873,90,"7,09424326533896","71,5257003377529"
874,90,"9,07634203553005","59,9399444690916"
875,90,"7,08301280950471","68,4036598501724"
876,90,"6,50642131065733","62,6612686291071"
877,90,"8,59596761023288","47,8237101642789"
878,90,"9,22792457634125","46,4191651369766"
879,90,"10,7698122405833","60,8006724086839"
880,90,"7,54781583991514","52,7769958692522"
881,90,"7,25985357692397","62,7284658276528"
882,90,"6,35016397015252","64,916830868498"
883,90,"4,31477389277212","51,9792371871237"
884,90,"4,08846068841256","50,860096741282"
885,90,"3,64049644342301","50,2806446095633"
886,90,"5,70305862158669","42,771427980967"
887,90,"6,28183109050201","59,2266274615895"
888,90,"10,0305053253418","67,9713450151938"
889,90,"7,47235827273671","56,6532532654399"
890,90,"8,29972032022418","59,5635949925502"
891,90,"7,19926945898796","65,2916303967563"
892,90,"8,74541866822076","50,3233422156953"
893,90,"5,73529958018795","63,9508946615109"
894,90,"7,14528384146464","43,4265282695586"
895,90,"7,0190538414487","68,9734143779487"
896,90,"7,69570628816368","47,1705536210281"
897,90,"5,83864271236641","73,3453287626365"
898,90,"4,74812934038192","59,1427904083058"
899,90,"3,49874491929842","50,4557099992698"
900,90,"8,69717505134471","70,5239262064756"
901,90,"4,72177023682637","56,0839067824464"
902,90,"7,68373798811348","58,4700050663036"
903,90,"9,835441363264","50,3250255982706"
904,90,"5,53550733455347","70,6748042158346"
905,90,"11,4231364953479","58,7907147921822"
906,90,"2,80562761893594","53,7919491894979"
907,90,"4,97688664885082","67,1100680704396"
908,90,"4,60344642812446","54,4693807047154"
909,90,"7,52064518002759","66,6188482449046"
910,90,"6,39264011591172","53,4891586718873"
911,90,"7,38202332550596","63,0709028058277"
912,90,"7,77555718391585","68,6078404101518"
913,90,"10,8153088500451","43,736501588161"
914,90,"7,55618950907573","57,8275223588784"
915,90,"6,0960993822398","58,5722817284674"
916,90,"7,24381031357827","59,824602326901"
917,90,"5,82032768134442","64,9730914181812"
918,90,"11,4954783267374","58,8431972692657"
919,90,"6,62452984788721","66,9589413073129"
920,90,"8,58612044554976","57,3152473219534"
921,90,"3,31085061034314","56,7701916774469"
922,90,"5,6596689129116","58,8638546280264"
923,90,"6,07675579586686","75,4356874285143"
924,90,"6,75942362013641","60,8886203448683"
925,90,"6,23199220587143","59,23905249138"
926,90,"7,03924881368388","43,9261188007988"
927,90,"6,93935148778421","57,6703008447362"
928,90,"7,3215708314294","52,9384384290062"
929,90,"12,8370015953315","64,0566072185662"
930,90,"8,06605234058208","62,3586067570935"
931,90,"3,19061303371429","40,0800850448304"
932,90,"10,0586302368589","63,3332567672526"
933,90,"7,93110380735151","48,7310201205747"
934,90,"6,86068745700885","62,0325795149964"
935,90,"11,3919454710064","52,8874352232674"
936,90,"0,0376389366987437","59,1568434093274"
937,90,"8,65057142006805","71,1080887658942"
938,90,"6,88576384064888","62,7849273351716"
939,90,"6,26025528618119","54,9325422529635"
940,90,"8,35559267469272","53,7577171711376"
941,90,"5,20656560328068","53,4603324048749"
942,90,"8,27336266513659","65,0284937406198"
943,90,"1,52522998690178","77,9094147191471"
944,90,"4,64469471161879","65,5046860544676"
945,90,"5,70627207958085","52,0995773045203"
946,90,"6,94732225184623","69,7455140115744"
947,90,"8,43171825841888","52,6387961323832"
948,90,"8,58237192246992","53,3173239522147"
949,90,"3,98220448126868","50,2736321704518"
950,90,"6,2709697855587","60,483248268205"
951,90,"5,26385071873264","70,8284749403158"
952,90,"5,24852729956531","58,7379414918457"
953,90,"9,24322467390558","63,6506915322676"
954,90,"6,17586828126054","57,6272194730099"
955,90,"9,23084815069303","54,6602674034624"
956,90,"8,46153752350035","51,9859636013839"
957,90,"8,07703306297325","65,6222319016985"
958,90,"6,84522462341399","65,1300871392267"
959,90,"5,24396953399634","59,0115137590917"
960,90,"6,06740074399038","49,2091407642245"
961,90,"9,90150443857602","67,7188963415148"
962,90,"3,76264020499411","49,6439833469999"
963,90,"7,27930100596024","43,1039893042271"
964,90,"7,41075819549902","50,5688783889816"
965,90,"6,01093400368425","60,0343989374232"
966,90,"6,73906444052901","48,7184172443758"
967,90,"6,74768060445102","46,5880986348764"
968,90,"6,17321144729734","78,5431504339213"
969,90,"5,61828065491408","52,3529759494837"
970,90,"4,51733657616692","48,2647964034684"
971,90,"4,91109869764854","62,6458599384527"
972,90,"7,21964686350322","60,9800063392887"
973,90,"4,99457310337518","66,3572687364437"
974,90,"3,48863013335939","48,773365175268"
975,90,"6,20954920633365","59,4743256087928"
976,90,"6,19667246225518","63,8457574996181"
977,90,"5,3174278360187","72,460194492003"
978,90,"9,97778372060765","55,3750741621302"
979,90,"9,042909223466","67,2551809994649"
980,90,"7,5903501332282","56,20416382074"
981,90,"2,88971547841287","66,2592544820958"
982,90,"9,42689096491672","64,5095014754012"
983,90,"5,61208166383064","58,6550724091731"
984,90,"5,11364376907323","61,9983102205824"
985,90,"11,0618577452313","74,2883153679507"
986,90,"8,40343497638986","60,0053377695039"
987,90,"9,33093262399394","56,3491765867555"
988,90,"6,54466002945323","51,4817582990738"
989,90,"7,82756226481558","65,0774794618762"
990,90,"11,4430576796202","54,3625875571229"
991,90,"3,60857250704896","46,0097432949097"
992,90,"7,79752821084308","49,4586410776909"
993,90,"6,90862801118189","63,7370547981477"
994,90,"8,78474220019824","54,2275732372044"
995,90,"6,75656454555798","60,0640186245533"
996,90,"7,62651685916532","45,1481747632131"
997,90,"5,65252453668273","53,6227459944372"
998,90,"7,81250581046611","62,7020419110965"
999,90,"4,84383136130842","40,7343588493013"
1000,90,"4,21225742560157","71,9605416278832"
1001,90,"10,4508929410163","71,5743563416028"
1002,90,"5,22417423960698","62,2656825520688"
1003,90,"7,01803719276267","49,8762335769124"
1004,90,"2,75110107988062","63,6817446946446"
1005,90,"8,44811043793982","58,7766447959752"
1006,90,"2,45492264147448","43,0728058451101"
1007,90,"5,93133488052586","52,98694389327"
1008,90,"6,89176391679601","50,2097486307709"
1009,90,"8,30796395640388","56,8802568292623"
1010,90,"4,85183237373519","77,6371988474463"
1011,90,"7,63586044906905","60,9240880571752"
1012,90,"8,0143616361181","55,1502002167687"
1013,90,"7,68334559594535","62,7850209672596"
1014,90,"5,04850276430905","59,8377982031448"
1015,90,"5,24044776575098","52,0445070547203"
1016,90,"8,05702025190707","47,0672285194489"
1017,90,"8,73659200102691","60,2778048252558"
1018,90,"9,07638035084152","47,0197704650595"
1019,90,"10,5656139731237","53,7507896943436"
1020,90,"4,16115398303132","67,6296841539977"
1021,90,"6,3132007263223","58,2610739107166"
1022,90,"6,07890159451676","77,4344679988044"
1023,90,"5,85863482980783","54,205123980125"
1024,90,"7,6079284305773","79,8429252772135"
1025,90,"8,59125958177043","55,4035276105984"
1026,90,"3,86606251342751","54,8163966383176"
1027,90,"6,84802598233223","75,5695901703188"
1028,90,"8,19387941339453","56,5454290922704"
1029,90,"10,3167977199738","79,0795424501371"
1030,90,"3,48951171681563","58,8280377730824"
1031,90,"8,21203255452282","52,0738049749497"
1032,90,"7,20150330774929","61,0970026646743"
1033,90,"8,4301576578188","68,3557985500481"
1034,90,"6,71136357780863","54,0594391341465"
1035,90,"8,08811099329426","47,7591765871846"
1036,90,"7,61913786380471","66,9319323490319"
1037,90,"9,80092569273744","72,8582862554929"
1038,90,"10,0798585588139","65,5194794020773"
1039,90,"9,02104265208312","66,920143040702"
